ğŸ˜€,Smileys,0,
ğŸ˜,Smileys,0,
ğŸ˜‚,Smileys,0,
ğŸ¤£,Smileys,0,
ğŸ˜ƒ,Smileys,0,
ğŸ˜„,Smileys,0,
ğŸ˜…,Smileys,0,
ğŸ˜†,Smileys,0,
ğŸ˜‰,Smileys,0,
ğŸ˜Š,Smileys,0,
ğŸ˜‹,Smileys,0,
ğŸ˜,Smileys,0,
ğŸ˜,Smileys,0,
ğŸ˜˜,Smileys,0,
ğŸ¥°,Smileys,0,
ğŸ˜—,Smileys,0,
ğŸ˜™,Smileys,0,
ğŸ˜š,Smileys,0,
â˜ºï¸,Smileys,0,
ğŸ™‚,Smileys,0,
ğŸ¤—,Smileys,0,
ğŸ¤©,Smileys,0,
ğŸ¤”,Smileys,1,ê³ ë¯¼
ğŸ¤¨,Smileys,0,
ğŸ˜,Smileys,0,
ğŸ˜‘,Smileys,0,
ğŸ˜¶,Smileys,0,
ğŸ™„,Smileys,0,
ğŸ˜,Smileys,0,
ğŸ˜£,Smileys,0,
ğŸ˜¥,Smileys,0,
ğŸ˜®,Smileys,0,
ğŸ¤,Smileys,0,
ğŸ˜¯,Smileys,0,
ğŸ˜ª,Smileys,0,
ğŸ˜«,Smileys,0,
ğŸ˜´,Smileys,0,
ğŸ˜Œ,Smileys,0,
ğŸ˜›,Smileys,0,
ğŸ˜œ,Smileys,0,
ğŸ˜,Smileys,0,
ğŸ¤¤,Smileys,0,
ğŸ˜’,Smileys,0,
ğŸ˜“,Smileys,0,
ğŸ˜”,Smileys,0,
ğŸ˜•,Smileys,0,
ğŸ™ƒ,Smileys,0,
ğŸ¤‘,Smileys,0,
ğŸ˜²,Smileys,0,
â˜¹ï¸,Smileys,0,
ğŸ™,Smileys,0,
ğŸ˜–,Smileys,0,
ğŸ˜,Smileys,0,
ğŸ˜Ÿ,Smileys,0,
ğŸ˜¤,Smileys,0,
ğŸ˜¢,Smileys,0,
ğŸ˜­,Smileys,0,
ğŸ˜¦,Smileys,0,
ğŸ˜§,Smileys,0,
ğŸ˜¨,Smileys,0,
ğŸ˜©,Smileys,0,
ğŸ¤¯,Smileys,0,
ğŸ˜¬,Smileys,0,
ğŸ˜°,Smileys,0,
ğŸ˜±,Smileys,0,
ğŸ¥µ,Smileys,0,
ğŸ¥¶,Smileys,0,
ğŸ˜³,Smileys,0,
ğŸ¤ª,Smileys,0,
ğŸ˜µ,Smileys,0,
ğŸ˜¡,Smileys,0,
ğŸ˜ ,Smileys,0,
ğŸ¤¬,Smileys,0,
ğŸ˜·,Smileys,0,
ğŸ¤’,Smileys,0,
ğŸ¤•,Smileys,0,
ğŸ¤¢,Smileys,0,
ğŸ¤®,Smileys,0,
ğŸ¤§,Smileys,0,
ğŸ˜‡,Smileys,0,
ğŸ¤ ,Smileys,0,
ğŸ¤¡,Smileys,0,
ğŸ¥³,Smileys,0,
ğŸ¥´,Smileys,0,
ğŸ¥º,Smileys,0,
ğŸ¤¥,Smileys,0,
ğŸ¤«,Smileys,1,ë¹„ë°€
ğŸ¤­,Smileys,0,
ğŸ§,Smileys,0,
ğŸ¤“,Smileys,0,
ğŸ˜ˆ,Smileys,0,
ğŸ‘¿,Smileys,0,
ğŸ‘¹,Smileys,0,
ğŸ‘º,Smileys,0,
ğŸ’€,Smileys,0,
ğŸ‘»,Smileys,0,
ğŸ‘½,Smileys,0,
ğŸ¤–,Smileys,0,
ğŸ’©,Smileys,0,
ğŸ˜º,Smileys,0,
ğŸ˜¸,Smileys,0,
ğŸ˜¹,Smileys,0,
ğŸ˜»,Smileys,0,
ğŸ˜¼,Smileys,0,
ğŸ˜½,Smileys,0,
ğŸ™€,Smileys,0,
ğŸ˜¿,Smileys,0,
ğŸ˜¾,Smileys,0,
ğŸ‘¶,People and Fantasy,0,
ğŸ‘§,People and Fantasy,0,
ğŸ§’,People and Fantasy,0,
ğŸ‘¦,People and Fantasy,0,
ğŸ‘©,People and Fantasy,0,
ğŸ§‘,People and Fantasy,0,
ğŸ‘¨,People and Fantasy,0,
ğŸ‘µ,People and Fantasy,0,
ğŸ§“,People and Fantasy,0,
ğŸ‘´,People and Fantasy,0,
ğŸ‘²,People and Fantasy,0,
ğŸ‘³â€â™€ï¸,People and Fantasy,0,
ğŸ‘³â€â™‚ï¸,People and Fantasy,0,
ğŸ§•,People and Fantasy,0,
ğŸ§”,People and Fantasy,0,
ğŸ‘±â€â™‚ï¸,People and Fantasy,0,
ğŸ‘±â€â™€ï¸,People and Fantasy,0,
ğŸ‘¨â€ğŸ¦°,People and Fantasy,0,
ğŸ‘©â€ğŸ¦°,People and Fantasy,0,
ğŸ‘¨â€ğŸ¦±,People and Fantasy,0,
ğŸ‘©â€ğŸ¦±,People and Fantasy,0,
ğŸ‘¨â€ğŸ¦²,People and Fantasy,0,
ğŸ‘©â€ğŸ¦²,People and Fantasy,0,
ğŸ‘¨â€ğŸ¦³,People and Fantasy,0,
ğŸ‘©â€ğŸ¦³,People and Fantasy,0,
ğŸ¦¸â€â™€ï¸,People and Fantasy,0,
ğŸ¦¸â€â™‚ï¸,People and Fantasy,0,
ğŸ¦¹â€â™€ï¸,People and Fantasy,0,
ğŸ¦¹â€â™‚ï¸,People and Fantasy,0,
ğŸ‘®â€â™€ï¸,People and Fantasy,0,
ğŸ‘®â€â™‚ï¸,People and Fantasy,0,
ğŸ‘·â€â™€ï¸,People and Fantasy,0,
ğŸ‘·â€â™‚ï¸,People and Fantasy,0,
ğŸ’‚â€â™€ï¸,People and Fantasy,0,
ğŸ’‚â€â™‚ï¸,People and Fantasy,0,
ğŸ•µï¸â€â™€ï¸,People and Fantasy,0,
ğŸ•µï¸â€â™‚ï¸,People and Fantasy,0,
ğŸ‘©â€âš•ï¸,People and Fantasy,0,
ğŸ‘¨â€âš•ï¸,People and Fantasy,0,
ğŸ‘©â€ğŸŒ¾,People and Fantasy,0,
ğŸ‘¨â€ğŸŒ¾,People and Fantasy,0,
ğŸ‘©â€ğŸ³,People and Fantasy,0,
ğŸ‘¨â€ğŸ³,People and Fantasy,0,
ğŸ‘©â€ğŸ“,People and Fantasy,0,
ğŸ‘¨â€ğŸ“,People and Fantasy,0,
ğŸ‘©â€ğŸ¤,People and Fantasy,0,
ğŸ‘¨â€ğŸ¤,People and Fantasy,0,
ğŸ‘©â€ğŸ«,People and Fantasy,0,
ğŸ‘¨â€ğŸ«,People and Fantasy,0,
ğŸ‘©â€ğŸ­,People and Fantasy,0,
ğŸ‘¨â€ğŸ­,People and Fantasy,0,
ğŸ‘©â€ğŸ’»,People and Fantasy,0,
ğŸ‘¨â€ğŸ’»,People and Fantasy,0,
ğŸ‘©â€ğŸ’¼,People and Fantasy,0,
ğŸ‘¨â€ğŸ’¼,People and Fantasy,0,
ğŸ‘©â€ğŸ”§,People and Fantasy,0,
ğŸ‘¨â€ğŸ”§,People and Fantasy,0,
ğŸ‘©â€ğŸ”¬,People and Fantasy,0,
ğŸ‘¨â€ğŸ”¬,People and Fantasy,0,
ğŸ‘©â€ğŸ¨,People and Fantasy,0,
ğŸ‘¨â€ğŸ¨,People and Fantasy,0,
ğŸ‘©â€ğŸš’,People and Fantasy,0,
ğŸ‘¨â€ğŸš’,People and Fantasy,0,
ğŸ‘©â€âœˆï¸,People and Fantasy,0,
ğŸ‘¨â€âœˆï¸,People and Fantasy,0,
ğŸ‘©â€ğŸš€,People and Fantasy,0,
ğŸ‘¨â€ğŸš€,People and Fantasy,0,
ğŸ‘©â€âš–ï¸,People and Fantasy,0,
ğŸ‘¨â€âš–ï¸,People and Fantasy,0,
ğŸ‘°,People and Fantasy,0,
ğŸ¤µ,People and Fantasy,0,
ğŸ‘¸,People and Fantasy,0,
ğŸ¤´,People and Fantasy,0,
ğŸ¤¶,People and Fantasy,0,
ğŸ…,People and Fantasy,0,
ğŸ§™â€â™€ï¸,People and Fantasy,0,
ğŸ§™â€â™‚ï¸,People and Fantasy,0,
ğŸ§â€â™€ï¸,People and Fantasy,0,
ğŸ§â€â™‚ï¸,People and Fantasy,0,
ğŸ§›â€â™€ï¸,People and Fantasy,0,
ğŸ§›â€â™‚ï¸,People and Fantasy,0,
ğŸ§Ÿâ€â™€ï¸,People and Fantasy,0,
ğŸ§Ÿâ€â™‚ï¸,People and Fantasy,0,
ğŸ§â€â™€ï¸,People and Fantasy,0,
ğŸ§â€â™‚ï¸,People and Fantasy,0,
ğŸ§œâ€â™€ï¸,People and Fantasy,0,
ğŸ§œâ€â™‚ï¸,People and Fantasy,0,
ğŸ§šâ€â™€ï¸,People and Fantasy,0,
ğŸ§šâ€â™‚ï¸,People and Fantasy,0,
ğŸ‘¼,People and Fantasy,0,
ğŸ¤°,People and Fantasy,0,
ğŸ¤±,People and Fantasy,0,
ğŸ™‡â€â™€ï¸,People and Fantasy,0,
ğŸ™‡â€â™‚ï¸,People and Fantasy,0,
ğŸ’â€â™€ï¸,People and Fantasy,0,
ğŸ’â€â™‚ï¸,People and Fantasy,0,
ğŸ™…â€â™€ï¸,People and Fantasy,0,
ğŸ™…â€â™‚ï¸,People and Fantasy,0,
ğŸ™†â€â™€ï¸,People and Fantasy,0,
ğŸ™†â€â™‚ï¸,People and Fantasy,0,
ğŸ™‹â€â™€ï¸,People and Fantasy,0,
ğŸ™‹â€â™‚ï¸,People and Fantasy,0,
ğŸ¤¦â€â™€ï¸,People and Fantasy,0,
ğŸ¤¦â€â™‚ï¸,People and Fantasy,0,
ğŸ¤·â€â™€ï¸,People and Fantasy,0,
ğŸ¤·â€â™‚ï¸,People and Fantasy,0,
ğŸ™â€â™€ï¸,People and Fantasy,0,
ğŸ™â€â™‚ï¸,People and Fantasy,0,
ğŸ™â€â™€ï¸,People and Fantasy,0,
ğŸ™â€â™‚ï¸,People and Fantasy,0,
ğŸ’‡â€â™€ï¸,People and Fantasy,0,
ğŸ’‡â€â™‚ï¸,People and Fantasy,0,
ğŸ’†â€â™€ï¸,People and Fantasy,0,
ğŸ’†â€â™‚ï¸,People and Fantasy,0,
ğŸ§–â€â™€ï¸,People and Fantasy,0,
ğŸ§–â€â™‚ï¸,People and Fantasy,0,
ğŸ’…,People and Fantasy,0,
ğŸ¤³,People and Fantasy,0,
ğŸ’ƒ,People and Fantasy,0,
ğŸ•º,People and Fantasy,0,
ğŸ‘¯â€â™€ï¸,People and Fantasy,0,
ğŸ‘¯â€â™‚ï¸,People and Fantasy,0,
ğŸ•´,People and Fantasy,0,
ğŸš¶â€â™€ï¸,People and Fantasy,0,
ğŸš¶â€â™‚ï¸,People and Fantasy,0,
ğŸƒâ€â™€ï¸,People and Fantasy,0,
ğŸƒâ€â™‚ï¸,People and Fantasy,0,
ğŸ‘«,People and Fantasy,0,
ğŸ‘­,People and Fantasy,0,
ğŸ‘¬,People and Fantasy,0,
ğŸ’‘,People and Fantasy,0,
ğŸ‘©â€â¤ï¸â€ğŸ‘©,People and Fantasy,0,
ğŸ‘¨â€â¤ï¸â€ğŸ‘¨,People and Fantasy,0,
ğŸ’,People and Fantasy,0,
ğŸ‘©â€â¤ï¸â€ğŸ’‹â€ğŸ‘©,People and Fantasy,0,
ğŸ‘¨â€â¤ï¸â€ğŸ’‹â€ğŸ‘¨,People and Fantasy,0,
ğŸ‘ª,People and Fantasy,0,
ğŸ‘¨â€ğŸ‘©â€ğŸ‘§,People and Fantasy,0,
ğŸ‘¨â€ğŸ‘©â€ğŸ‘§â€ğŸ‘¦,People and Fantasy,0,
ğŸ‘¨â€ğŸ‘©â€ğŸ‘¦â€ğŸ‘¦,People and Fantasy,0,
ğŸ‘¨â€ğŸ‘©â€ğŸ‘§â€ğŸ‘§,People and Fantasy,0,
ğŸ‘©â€ğŸ‘©â€ğŸ‘¦,People and Fantasy,0,
ğŸ‘©â€ğŸ‘©â€ğŸ‘§,People and Fantasy,0,
ğŸ‘©â€ğŸ‘©â€ğŸ‘§â€ğŸ‘¦,People and Fantasy,0,
ğŸ‘©â€ğŸ‘©â€ğŸ‘¦â€ğŸ‘¦,People and Fantasy,0,
ğŸ‘©â€ğŸ‘©â€ğŸ‘§â€ğŸ‘§,People and Fantasy,0,
ğŸ‘¨â€ğŸ‘¨â€ğŸ‘¦,People and Fantasy,0,
ğŸ‘¨â€ğŸ‘¨â€ğŸ‘§,People and Fantasy,0,
ğŸ‘¨â€ğŸ‘¨â€ğŸ‘§â€ğŸ‘¦,People and Fantasy,0,
ğŸ‘¨â€ğŸ‘¨â€ğŸ‘¦â€ğŸ‘¦,People and Fantasy,0,
ğŸ‘¨â€ğŸ‘¨â€ğŸ‘§â€ğŸ‘§,People and Fantasy,0,
ğŸ‘©â€ğŸ‘¦,People and Fantasy,0,
ğŸ‘©â€ğŸ‘§,People and Fantasy,0,
ğŸ‘©â€ğŸ‘§â€ğŸ‘¦,People and Fantasy,0,
ğŸ‘©â€ğŸ‘¦â€ğŸ‘¦,People and Fantasy,0,
ğŸ‘©â€ğŸ‘§â€ğŸ‘§,People and Fantasy,0,
ğŸ‘¨â€ğŸ‘¦,People and Fantasy,0,
ğŸ‘¨â€ğŸ‘§,People and Fantasy,0,
ğŸ‘¨â€ğŸ‘§â€ğŸ‘¦,People and Fantasy,0,
ğŸ‘¨â€ğŸ‘¦â€ğŸ‘¦,People and Fantasy,0,
ğŸ‘¨â€ğŸ‘§â€ğŸ‘§,People and Fantasy,0,
ğŸ¤²,People and Fantasy,0,
ğŸ‘,People and Fantasy,0,
ğŸ™Œ,People and Fantasy,0,
ğŸ‘,People and Fantasy,0,
ğŸ¤,People and Fantasy,0,
ğŸ‘,People and Fantasy,1,ì¶”ì²œ
ğŸ‘,People and Fantasy,0,
ğŸ‘Š,People and Fantasy,0,
âœŠ,People and Fantasy,0,
ğŸ¤›,People and Fantasy,0,
ğŸ¤œ,People and Fantasy,0,
ğŸ¤,People and Fantasy,0,
âœŒï¸,People and Fantasy,0,
ğŸ¤Ÿ,People and Fantasy,0,
ğŸ¤˜,People and Fantasy,0,
ğŸ‘Œ,People and Fantasy,0,
ğŸ‘ˆ,People and Fantasy,0,
ğŸ‘‰,People and Fantasy,0,
ğŸ‘†,People and Fantasy,0,
ğŸ‘‡,People and Fantasy,0,
â˜ï¸,People and Fantasy,0,
âœ‹,People and Fantasy,0,
ğŸ¤š,People and Fantasy,0,
ğŸ–,People and Fantasy,0,
ğŸ––,People and Fantasy,0,
ğŸ‘‹,People and Fantasy,0,
ğŸ¤™,People and Fantasy,0,
ğŸ’ª,People and Fantasy,1,ìš´ë™
ğŸ¦µ,People and Fantasy,0,
ğŸ¦¶,People and Fantasy,0,
ğŸ–•,People and Fantasy,0,
âœï¸,People and Fantasy,1,ì¼ê¸°
ğŸ™,People and Fantasy,1,ê¸°ë„
ğŸ’,People and Fantasy,0,
ğŸ’„,People and Fantasy,0,
ğŸ’‹,People and Fantasy,0,
ğŸ‘„,People and Fantasy,0,
ğŸ‘…,People and Fantasy,0,
ğŸ‘‚,People and Fantasy,0,
ğŸ‘ƒ,People and Fantasy,0,
ğŸ‘£,People and Fantasy,0,
ğŸ‘,People and Fantasy,0,
ğŸ‘€,People and Fantasy,0,
ğŸ§ ,People and Fantasy,1,ìƒê°
ğŸ¦´,People and Fantasy,0,
ğŸ¦·,People and Fantasy,0,
ğŸ—£,People and Fantasy,0,
ğŸ‘¤,People and Fantasy,0,
ğŸ‘¥,People and Fantasy,0,
ğŸ§¥,Clothing and Accessories,0,
ğŸ‘š,Clothing and Accessories,0,
ğŸ‘•,Clothing and Accessories,0,
ğŸ‘–,Clothing and Accessories,0,
ğŸ‘”,Clothing and Accessories,0,
ğŸ‘—,Clothing and Accessories,0,
ğŸ‘™,Clothing and Accessories,0,
ğŸ‘˜,Clothing and Accessories,0,
ğŸ‘ ,Clothing and Accessories,0,
ğŸ‘¡,Clothing and Accessories,0,
ğŸ‘¢,Clothing and Accessories,0,
ğŸ‘,Clothing and Accessories,0,
ğŸ‘Ÿ,Clothing and Accessories,0,
ğŸ¥¾,Clothing and Accessories,0,
ğŸ¥¿,Clothing and Accessories,0,
ğŸ§¦,Clothing and Accessories,0,
ğŸ§¤,Clothing and Accessories,0,
ğŸ§£,Clothing and Accessories,0,
ğŸ©,Clothing and Accessories,0,
ğŸ§¢,Clothing and Accessories,0,
ğŸ‘’,Clothing and Accessories,0,
ğŸ“,Clothing and Accessories,0,
â›‘,Clothing and Accessories,0,
ğŸ‘‘,Clothing and Accessories,0,
ğŸ‘,Clothing and Accessories,0,
ğŸ‘›,Clothing and Accessories,0,
ğŸ‘œ,Clothing and Accessories,0,
ğŸ’¼,Clothing and Accessories,0,
ğŸ’,Clothing and Accessories,0,
ğŸ‘“,Clothing and Accessories,0,
ğŸ•¶,Clothing and Accessories,0,
ğŸ¥½,Clothing and Accessories,0,
ğŸ¥¼,Clothing and Accessories,0,
ğŸŒ‚,Clothing and Accessories,0,
ğŸ§µ,Clothing and Accessories,0,
ğŸ§¶,Clothing and Accessories,0,
ğŸ¶,Animals & Nature,0,
ğŸ±,Animals & Nature,0,
ğŸ­,Animals & Nature,0,
ğŸ¹,Animals & Nature,0,
ğŸ°,Animals & Nature,0,
ğŸ¦Š,Animals & Nature,0,
ğŸ¦,Animals & Nature,0,
ğŸ»,Animals & Nature,0,
ğŸ¼,Animals & Nature,0,
ğŸ¦˜,Animals & Nature,0,
ğŸ¦¡,Animals & Nature,0,
ğŸ¨,Animals & Nature,0,
ğŸ¯,Animals & Nature,0,
ğŸ¦,Animals & Nature,0,
ğŸ®,Animals & Nature,0,
ğŸ·,Animals & Nature,0,
ğŸ½,Animals & Nature,0,
ğŸ¸,Animals & Nature,0,
ğŸµ,Animals & Nature,0,
ğŸ™ˆ,Animals & Nature,0,
ğŸ™‰,Animals & Nature,0,
ğŸ™Š,Animals & Nature,0,
ğŸ’,Animals & Nature,0,
ğŸ”,Animals & Nature,0,
ğŸ§,Animals & Nature,0,
ğŸ¦,Animals & Nature,0,
ğŸ¤,Animals & Nature,0,
ğŸ£,Animals & Nature,0,
ğŸ¥,Animals & Nature,0,
ğŸ¦†,Animals & Nature,0,
ğŸ¦¢,Animals & Nature,0,
ğŸ¦…,Animals & Nature,0,
ğŸ¦‰,Animals & Nature,0,
ğŸ¦š,Animals & Nature,0,
ğŸ¦œ,Animals & Nature,0,
ğŸ¦‡,Animals & Nature,0,
ğŸº,Animals & Nature,0,
ğŸ—,Animals & Nature,0,
ğŸ´,Animals & Nature,0,
ğŸ¦„,Animals & Nature,0,
ğŸ,Animals & Nature,0,
ğŸ›,Animals & Nature,0,
ğŸ¦‹,Animals & Nature,0,
ğŸŒ,Animals & Nature,0,
ğŸš,Animals & Nature,0,
ğŸ,Animals & Nature,0,
ğŸœ,Animals & Nature,0,
ğŸ¦—,Animals & Nature,0,
ğŸ•·,Animals & Nature,0,
ğŸ•¸,Animals & Nature,0,
ğŸ¦‚,Animals & Nature,0,
ğŸ¦Ÿ,Animals & Nature,0,
ğŸ¦ ,Animals & Nature,0,
ğŸ¢,Animals & Nature,0,
ğŸ,Animals & Nature,0,
ğŸ¦,Animals & Nature,0,
ğŸ¦–,Animals & Nature,0,
ğŸ¦•,Animals & Nature,0,
ğŸ™,Animals & Nature,0,
ğŸ¦‘,Animals & Nature,0,
ğŸ¦,Animals & Nature,0,
ğŸ¦€,Animals & Nature,0,
ğŸ¡,Animals & Nature,0,
ğŸ ,Animals & Nature,0,
ğŸŸ,Animals & Nature,0,
ğŸ¬,Animals & Nature,0,
ğŸ³,Animals & Nature,0,
ğŸ‹,Animals & Nature,0,
ğŸ¦ˆ,Animals & Nature,0,
ğŸŠ,Animals & Nature,0,
ğŸ…,Animals & Nature,0,
ğŸ†,Animals & Nature,0,
ğŸ¦“,Animals & Nature,0,
ğŸ¦,Animals & Nature,0,
ğŸ˜,Animals & Nature,0,
ğŸ¦,Animals & Nature,0,
ğŸ¦›,Animals & Nature,0,
ğŸª,Animals & Nature,0,
ğŸ«,Animals & Nature,0,
ğŸ¦™,Animals & Nature,0,
ğŸ¦’,Animals & Nature,0,
ğŸƒ,Animals & Nature,0,
ğŸ‚,Animals & Nature,0,
ğŸ„,Animals & Nature,0,
ğŸ,Animals & Nature,0,
ğŸ–,Animals & Nature,0,
ğŸ,Animals & Nature,0,
ğŸ‘,Animals & Nature,0,
ğŸ,Animals & Nature,0,
ğŸ¦Œ,Animals & Nature,0,
ğŸ•,Animals & Nature,0,
ğŸ©,Animals & Nature,0,
ğŸˆ,Animals & Nature,0,
ğŸ“,Animals & Nature,0,
ğŸ¦ƒ,Animals & Nature,0,
ğŸ•Š,Animals & Nature,0,
ğŸ‡,Animals & Nature,0,
ğŸ,Animals & Nature,0,
ğŸ€,Animals & Nature,0,
ğŸ¿,Animals & Nature,0,
ğŸ¦”,Animals & Nature,0,
ğŸ¾,Animals & Nature,0,
ğŸ‰,Animals & Nature,0,
ğŸ²,Animals & Nature,0,
ğŸŒµ,Animals & Nature,0,
ğŸ„,Animals & Nature,0,
ğŸŒ²,Animals & Nature,0,
ğŸŒ³,Animals & Nature,0,
ğŸŒ´,Animals & Nature,0,
ğŸŒ±,Animals & Nature,0,
ğŸŒ¿,Animals & Nature,0,
â˜˜ï¸,Animals & Nature,0,
ğŸ€,Animals & Nature,0,
ğŸ,Animals & Nature,0,
ğŸ‹,Animals & Nature,0,
ğŸƒ,Animals & Nature,0,
ğŸ‚,Animals & Nature,0,
ğŸ,Animals & Nature,0,
ğŸ„,Animals & Nature,0,
ğŸŒ¾,Animals & Nature,0,
ğŸ’,Animals & Nature,0,
ğŸŒ·,Animals & Nature,0,
ğŸŒ¹,Animals & Nature,0,
ğŸ¥€,Animals & Nature,0,
ğŸŒº,Animals & Nature,0,
ğŸŒ¸,Animals & Nature,0,
ğŸŒ¼,Animals & Nature,0,
ğŸŒ»,Animals & Nature,0,
ğŸŒ,Animals & Nature,0,
ğŸŒ,Animals & Nature,0,
ğŸŒ›,Animals & Nature,0,
ğŸŒœ,Animals & Nature,0,
ğŸŒš,Animals & Nature,0,
ğŸŒ•,Animals & Nature,0,
ğŸŒ–,Animals & Nature,0,
ğŸŒ—,Animals & Nature,0,
ğŸŒ˜,Animals & Nature,0,
ğŸŒ‘,Animals & Nature,0,
ğŸŒ’,Animals & Nature,0,
ğŸŒ“,Animals & Nature,0,
ğŸŒ”,Animals & Nature,0,
ğŸŒ™,Animals & Nature,0,
ğŸŒ,Animals & Nature,0,
ğŸŒ,Animals & Nature,0,
ğŸŒ,Animals & Nature,0,
ğŸ’«,Animals & Nature,0,
â­ï¸,Animals & Nature,0,
ğŸŒŸ,Animals & Nature,1,ì¤‘ìš”
âœ¨,Animals & Nature,0,
âš¡ï¸,Animals & Nature,0,
â˜„ï¸,Animals & Nature,0,
ğŸ’¥,Animals & Nature,0,
ğŸ”¥,Animals & Nature,0,
ğŸŒª,Animals & Nature,0,
ğŸŒˆ,Animals & Nature,0,
â˜€ï¸,Animals & Nature,0,
ğŸŒ¤,Animals & Nature,0,
â›…ï¸,Animals & Nature,0,
ğŸŒ¥,Animals & Nature,0,
â˜ï¸,Animals & Nature,0,
ğŸŒ¦,Animals & Nature,0,
ğŸŒ§,Animals & Nature,0,
â›ˆ,Animals & Nature,0,
ğŸŒ©,Animals & Nature,0,
ğŸŒ¨,Animals & Nature,0,
â„ï¸,Animals & Nature,0,
â˜ƒï¸,Animals & Nature,0,
â›„ï¸,Animals & Nature,0,
ğŸŒ¬,Animals & Nature,0,
ğŸ’¨,Animals & Nature,0,
ğŸ’§,Animals & Nature,0,
ğŸ’¦,Animals & Nature,0,
â˜”ï¸,Animals & Nature,0,
â˜‚ï¸,Animals & Nature,0,
ğŸŒŠ,Animals & Nature,0,
ğŸŒ«,Animals & Nature,0,
ğŸ,Food & Drink,0,
ğŸ,Food & Drink,0,
ğŸ,Food & Drink,0,
ğŸŠ,Food & Drink,0,
ğŸ‹,Food & Drink,0,
ğŸŒ,Food & Drink,0,
ğŸ‰,Food & Drink,0,
ğŸ‡,Food & Drink,0,
ğŸ“,Food & Drink,0,
ğŸˆ,Food & Drink,0,
ğŸ’,Food & Drink,0,
ğŸ‘,Food & Drink,0,
ğŸ,Food & Drink,0,
ğŸ¥­,Food & Drink,0,
ğŸ¥¥,Food & Drink,0,
ğŸ¥,Food & Drink,0,
ğŸ…,Food & Drink,0,
ğŸ†,Food & Drink,0,
ğŸ¥‘,Food & Drink,0,
ğŸ¥¦,Food & Drink,0,
ğŸ¥’,Food & Drink,0,
ğŸ¥¬,Food & Drink,0,
ğŸŒ¶,Food & Drink,0,
ğŸŒ½,Food & Drink,0,
ğŸ¥•,Food & Drink,0,
ğŸ¥”,Food & Drink,0,
ğŸ ,Food & Drink,0,
ğŸ¥,Food & Drink,0,
ğŸ,Food & Drink,0,
ğŸ¥–,Food & Drink,0,
ğŸ¥¨,Food & Drink,0,
ğŸ¥¯,Food & Drink,0,
ğŸ§€,Food & Drink,0,
ğŸ¥š,Food & Drink,0,
ğŸ³,Food & Drink,0,
ğŸ¥,Food & Drink,0,
ğŸ¥“,Food & Drink,0,
ğŸ¥©,Food & Drink,0,
ğŸ—,Food & Drink,0,
ğŸ–,Food & Drink,0,
ğŸŒ­,Food & Drink,0,
ğŸ”,Food & Drink,0,
ğŸŸ,Food & Drink,0,
ğŸ•,Food & Drink,0,
ğŸ¥ª,Food & Drink,0,
ğŸ¥™,Food & Drink,0,
ğŸŒ®,Food & Drink,0,
ğŸŒ¯,Food & Drink,0,
ğŸ¥—,Food & Drink,0,
ğŸ¥˜,Food & Drink,0,
ğŸ¥«,Food & Drink,0,
ğŸ,Food & Drink,0,
ğŸœ,Food & Drink,0,
ğŸ²,Food & Drink,0,
ğŸ›,Food & Drink,0,
ğŸ£,Food & Drink,0,
ğŸ±,Food & Drink,0,
ğŸ¥Ÿ,Food & Drink,0,
ğŸ¤,Food & Drink,0,
ğŸ™,Food & Drink,0,
ğŸš,Food & Drink,0,
ğŸ˜,Food & Drink,0,
ğŸ¥,Food & Drink,0,
ğŸ¥®,Food & Drink,0,
ğŸ¥ ,Food & Drink,0,
ğŸ¢,Food & Drink,0,
ğŸ¡,Food & Drink,0,
ğŸ§,Food & Drink,0,
ğŸ¨,Food & Drink,0,
ğŸ¦,Food & Drink,0,
ğŸ¥§,Food & Drink,0,
ğŸ°,Food & Drink,0,
ğŸ‚,Food & Drink,0,
ğŸ®,Food & Drink,0,
ğŸ­,Food & Drink,0,
ğŸ¬,Food & Drink,0,
ğŸ«,Food & Drink,0,
ğŸ¿,Food & Drink,0,
ğŸ§‚,Food & Drink,0,
ğŸ©,Food & Drink,0,
ğŸª,Food & Drink,0,
ğŸŒ°,Food & Drink,0,
ğŸ¥œ,Food & Drink,0,
ğŸ¯,Food & Drink,0,
ğŸ¥›,Food & Drink,0,
ğŸ¼,Food & Drink,0,
â˜•ï¸,Food & Drink,0,
ğŸµ,Food & Drink,0,
ğŸ¥¤,Food & Drink,0,
ğŸ¶,Food & Drink,0,
ğŸº,Food & Drink,0,
ğŸ»,Food & Drink,0,
ğŸ¥‚,Food & Drink,0,
ğŸ·,Food & Drink,0,
ğŸ¥ƒ,Food & Drink,0,
ğŸ¸,Food & Drink,0,
ğŸ¹,Food & Drink,0,
ğŸ¾,Food & Drink,0,
ğŸ¥„,Food & Drink,0,
ğŸ´,Food & Drink,0,
ğŸ½,Food & Drink,0,
ğŸ¥£,Food & Drink,0,
ğŸ¥¡,Food & Drink,0,
ğŸ¥¢,Food & Drink,0,
âš½ï¸,Activity and Sports,0,
ğŸ€,Activity and Sports,0,
ğŸˆ,Activity and Sports,0,
âš¾ï¸,Activity and Sports,0,
ğŸ¥,Activity and Sports,0,
ğŸ,Activity and Sports,0,
ğŸ‰,Activity and Sports,0,
ğŸ¾,Activity and Sports,0,
ğŸ¥,Activity and Sports,0,
ğŸ±,Activity and Sports,0,
ğŸ“,Activity and Sports,0,
ğŸ¸,Activity and Sports,0,
ğŸ¥…,Activity and Sports,0,
ğŸ’,Activity and Sports,0,
ğŸ‘,Activity and Sports,0,
ğŸ¥,Activity and Sports,0,
ğŸ,Activity and Sports,0,
â›³ï¸,Activity and Sports,0,
ğŸ¹,Activity and Sports,0,
ğŸ£,Activity and Sports,0,
ğŸ¥Š,Activity and Sports,0,
ğŸ¥‹,Activity and Sports,0,
ğŸ½,Activity and Sports,0,
â›¸,Activity and Sports,0,
ğŸ¥Œ,Activity and Sports,0,
ğŸ›·,Activity and Sports,0,
ğŸ›¹,Activity and Sports,0,
ğŸ¿,Activity and Sports,0,
â›·,Activity and Sports,0,
ğŸ‚,Activity and Sports,0,
ğŸ‹ï¸â€â™€ï¸,Activity and Sports,0,
ğŸ‹ğŸ»â€â™€ï¸,Activity and Sports,0,
ğŸ‹ğŸ¼â€â™€ï¸,Activity and Sports,0,
ğŸ‹ğŸ½â€â™€ï¸,Activity and Sports,0,
ğŸ‹ğŸ¾â€â™€ï¸,Activity and Sports,0,
ğŸ‹ğŸ¿â€â™€ï¸,Activity and Sports,0,
ğŸ‹ï¸â€â™‚ï¸,Activity and Sports,0,
ğŸ‹ğŸ»â€â™‚ï¸,Activity and Sports,0,
ğŸ‹ğŸ¼â€â™‚ï¸,Activity and Sports,0,
ğŸ‹ğŸ½â€â™‚ï¸,Activity and Sports,0,
ğŸ‹ğŸ¾â€â™‚ï¸,Activity and Sports,0,
ğŸ‹ğŸ¿â€â™‚ï¸,Activity and Sports,0,
ğŸ¤¼â€â™€ï¸,Activity and Sports,0,
ğŸ¤¼â€â™‚ï¸,Activity and Sports,0,
ğŸ¤¸â€â™€ï¸,Activity and Sports,0,
ğŸ¤¸ğŸ»â€â™€ï¸,Activity and Sports,0,
ğŸ¤¸ğŸ¼â€â™€ï¸,Activity and Sports,0,
ğŸ¤¸ğŸ½â€â™€ï¸,Activity and Sports,0,
ğŸ¤¸ğŸ¾â€â™€ï¸,Activity and Sports,0,
ğŸ¤¸ğŸ¿â€â™€ï¸,Activity and Sports,0,
ğŸ¤¸â€â™‚ï¸,Activity and Sports,0,
ğŸ¤¸ğŸ»â€â™‚ï¸,Activity and Sports,0,
ğŸ¤¸ğŸ¼â€â™‚ï¸,Activity and Sports,0,
ğŸ¤¸ğŸ½â€â™‚ï¸,Activity and Sports,0,
ğŸ¤¸ğŸ¾â€â™‚ï¸,Activity and Sports,0,
ğŸ¤¸ğŸ¿â€â™‚ï¸,Activity and Sports,0,
â›¹ï¸â€â™€ï¸,Activity and Sports,0,
â›¹ğŸ»â€â™€ï¸,Activity and Sports,0,
â›¹ğŸ¼â€â™€ï¸,Activity and Sports,0,
â›¹ğŸ½â€â™€ï¸,Activity and Sports,0,
â›¹ğŸ¾â€â™€ï¸,Activity and Sports,0,
â›¹ğŸ¿â€â™€ï¸,Activity and Sports,0,
â›¹ï¸â€â™‚ï¸,Activity and Sports,0,
â›¹ğŸ»â€â™‚ï¸,Activity and Sports,0,
â›¹ğŸ¼â€â™‚ï¸,Activity and Sports,0,
â›¹ğŸ½â€â™‚ï¸,Activity and Sports,0,
â›¹ğŸ¾â€â™‚ï¸,Activity and Sports,0,
â›¹ğŸ¿â€â™‚ï¸,Activity and Sports,0,
ğŸ¤º,Activity and Sports,0,
ğŸ¤¾â€â™€ï¸,Activity and Sports,0,
ğŸ¤¾ğŸ»â€â™€ï¸,Activity and Sports,0,
ğŸ¤¾ğŸ¼â€â™€ï¸,Activity and Sports,0,
ğŸ¤¾ğŸ¾â€â™€ï¸,Activity and Sports,0,
ğŸ¤¾ğŸ¾â€â™€ï¸,Activity and Sports,0,
ğŸ¤¾ğŸ¿â€â™€ï¸,Activity and Sports,0,
ğŸ¤¾â€â™‚ï¸,Activity and Sports,0,
ğŸ¤¾ğŸ»â€â™‚ï¸,Activity and Sports,0,
ğŸ¤¾ğŸ¼â€â™‚ï¸,Activity and Sports,0,
ğŸ¤¾ğŸ½â€â™‚ï¸,Activity and Sports,0,
ğŸ¤¾ğŸ¾â€â™‚ï¸,Activity and Sports,0,
ğŸ¤¾ğŸ¿â€â™‚ï¸,Activity and Sports,0,
ğŸŒï¸â€â™€ï¸,Activity and Sports,0,
ğŸŒğŸ»â€â™€ï¸,Activity and Sports,0,
ğŸŒğŸ¼â€â™€ï¸,Activity and Sports,0,
ğŸŒğŸ½â€â™€ï¸,Activity and Sports,0,
ğŸŒğŸ¾â€â™€ï¸,Activity and Sports,0,
ğŸŒğŸ¿â€â™€ï¸,Activity and Sports,0,
ğŸŒï¸â€â™‚ï¸,Activity and Sports,0,
ğŸŒğŸ»â€â™‚ï¸,Activity and Sports,0,
ğŸŒğŸ¼â€â™‚ï¸,Activity and Sports,0,
ğŸŒğŸ½â€â™‚ï¸,Activity and Sports,0,
ğŸŒğŸ¾â€â™‚ï¸,Activity and Sports,0,
ğŸŒğŸ¿â€â™‚ï¸,Activity and Sports,0,
ğŸ‡,Activity and Sports,0,
ğŸ‡ğŸ»,Activity and Sports,0,
ğŸ‡ğŸ¼,Activity and Sports,0,
ğŸ‡ğŸ½,Activity and Sports,0,
ğŸ‡ğŸ¾,Activity and Sports,0,
ğŸ‡ğŸ¿,Activity and Sports,0,
ğŸ§˜â€â™€ï¸,Activity and Sports,0,
ğŸ§˜ğŸ»â€â™€ï¸,Activity and Sports,0,
ğŸ§˜ğŸ¼â€â™€ï¸,Activity and Sports,0,
ğŸ§˜ğŸ½â€â™€ï¸,Activity and Sports,0,
ğŸ§˜ğŸ¾â€â™€ï¸,Activity and Sports,0,
ğŸ§˜ğŸ¿â€â™€ï¸,Activity and Sports,0,
ğŸ§˜â€â™‚ï¸,Activity and Sports,0,
ğŸ§˜ğŸ»â€â™‚ï¸,Activity and Sports,0,
ğŸ§˜ğŸ¼â€â™‚ï¸,Activity and Sports,0,
ğŸ§˜ğŸ½â€â™‚ï¸,Activity and Sports,0,
ğŸ§˜ğŸ¾â€â™‚ï¸,Activity and Sports,0,
ğŸ§˜ğŸ¿â€â™‚ï¸,Activity and Sports,0,
ğŸ„â€â™€ï¸,Activity and Sports,0,
ğŸ„ğŸ»â€â™€ï¸,Activity and Sports,0,
ğŸ„ğŸ¼â€â™€ï¸,Activity and Sports,0,
ğŸ„ğŸ½â€â™€ï¸,Activity and Sports,0,
ğŸ„ğŸ¾â€â™€ï¸,Activity and Sports,0,
ğŸ„ğŸ¿â€â™€ï¸,Activity and Sports,0,
ğŸ„â€â™‚ï¸,Activity and Sports,0,
ğŸ„ğŸ»â€â™‚ï¸,Activity and Sports,0,
ğŸ„ğŸ¼â€â™‚ï¸,Activity and Sports,0,
ğŸ„ğŸ½â€â™‚ï¸,Activity and Sports,0,
ğŸ„ğŸ¾â€â™‚ï¸,Activity and Sports,0,
ğŸ„ğŸ¿â€â™‚ï¸,Activity and Sports,0,
ğŸŠâ€â™€ï¸,Activity and Sports,0,
ğŸŠğŸ»â€â™€ï¸,Activity and Sports,0,
ğŸŠğŸ¼â€â™€ï¸,Activity and Sports,0,
ğŸŠğŸ½â€â™€ï¸,Activity and Sports,0,
ğŸŠğŸ¾â€â™€ï¸,Activity and Sports,0,
ğŸŠğŸ¿â€â™€ï¸,Activity and Sports,0,
ğŸŠâ€â™‚ï¸,Activity and Sports,0,
ğŸŠğŸ»â€â™‚ï¸,Activity and Sports,0,
ğŸŠğŸ¼â€â™‚ï¸,Activity and Sports,0,
ğŸŠğŸ½â€â™‚ï¸,Activity and Sports,0,
ğŸŠğŸ¾â€â™‚ï¸,Activity and Sports,0,
ğŸŠğŸ¿â€â™‚ï¸,Activity and Sports,0,
ğŸ¤½â€â™€ï¸,Activity and Sports,0,
ğŸ¤½ğŸ»â€â™€ï¸,Activity and Sports,0,
ğŸ¤½ğŸ¼â€â™€ï¸,Activity and Sports,0,
ğŸ¤½ğŸ½â€â™€ï¸,Activity and Sports,0,
ğŸ¤½ğŸ¾â€â™€ï¸,Activity and Sports,0,
ğŸ¤½ğŸ¿â€â™€ï¸,Activity and Sports,0,
ğŸ¤½â€â™‚ï¸,Activity and Sports,0,
ğŸ¤½ğŸ»â€â™‚ï¸,Activity and Sports,0,
ğŸ¤½ğŸ¼â€â™‚ï¸,Activity and Sports,0,
ğŸ¤½ğŸ½â€â™‚ï¸,Activity and Sports,0,
ğŸ¤½ğŸ¾â€â™‚ï¸,Activity and Sports,0,
ğŸ¤½ğŸ¿â€â™‚ï¸,Activity and Sports,0,
ğŸš£â€â™€ï¸,Activity and Sports,0,
ğŸš£ğŸ»â€â™€ï¸,Activity and Sports,0,
ğŸš£ğŸ¼â€â™€ï¸,Activity and Sports,0,
ğŸš£ğŸ½â€â™€ï¸,Activity and Sports,0,
ğŸš£ğŸ¾â€â™€ï¸,Activity and Sports,0,
ğŸš£ğŸ¿â€â™€ï¸,Activity and Sports,0,
ğŸš£â€â™‚ï¸,Activity and Sports,0,
ğŸš£ğŸ»â€â™‚ï¸,Activity and Sports,0,
ğŸš£ğŸ¼â€â™‚ï¸,Activity and Sports,0,
ğŸš£ğŸ½â€â™‚ï¸,Activity and Sports,0,
ğŸš£ğŸ¾â€â™‚ï¸,Activity and Sports,0,
ğŸš£ğŸ¿â€â™‚ï¸,Activity and Sports,0,
ğŸ§—â€â™€ï¸,Activity and Sports,0,
ğŸ§—ğŸ»â€â™€ï¸,Activity and Sports,0,
ğŸ§—ğŸ¼â€â™€ï¸,Activity and Sports,0,
ğŸ§—ğŸ½â€â™€ï¸,Activity and Sports,0,
ğŸ§—ğŸ¾â€â™€ï¸,Activity and Sports,0,
ğŸ§—ğŸ¿â€â™€ï¸,Activity and Sports,0,
ğŸ§—â€â™‚ï¸,Activity and Sports,0,
ğŸ§—ğŸ»â€â™‚ï¸,Activity and Sports,0,
ğŸ§—ğŸ¼â€â™‚ï¸,Activity and Sports,0,
ğŸ§—ğŸ½â€â™‚ï¸,Activity and Sports,0,
ğŸ§—ğŸ¾â€â™‚ï¸,Activity and Sports,0,
ğŸ§—ğŸ¿â€â™‚ï¸,Activity and Sports,0,
ğŸšµâ€â™€ï¸,Activity and Sports,0,
ğŸšµğŸ»â€â™€ï¸,Activity and Sports,0,
ğŸšµğŸ¼â€â™€ï¸,Activity and Sports,0,
ğŸšµğŸ½â€â™€ï¸,Activity and Sports,0,
ğŸšµğŸ¾â€â™€ï¸,Activity and Sports,0,
ğŸšµğŸ¿â€â™€ï¸,Activity and Sports,0,
ğŸšµâ€â™‚ï¸,Activity and Sports,0,
ğŸšµğŸ»â€â™‚ï¸,Activity and Sports,0,
ğŸšµğŸ¼â€â™‚ï¸,Activity and Sports,0,
ğŸšµğŸ½â€â™‚ï¸,Activity and Sports,0,
ğŸšµğŸ¾â€â™‚ï¸,Activity and Sports,0,
ğŸšµğŸ¿â€â™‚ï¸,Activity and Sports,0,
ğŸš´â€â™€ï¸,Activity and Sports,0,
ğŸš´ğŸ»â€â™€ï¸,Activity and Sports,0,
ğŸš´ğŸ¼â€â™€ï¸,Activity and Sports,0,
ğŸš´ğŸ½â€â™€ï¸,Activity and Sports,0,
ğŸš´ğŸ¾â€â™€ï¸,Activity and Sports,0,
ğŸš´ğŸ¿â€â™€ï¸,Activity and Sports,0,
ğŸš´â€â™‚ï¸,Activity and Sports,0,
ğŸš´ğŸ»â€â™‚ï¸,Activity and Sports,0,
ğŸš´ğŸ¼â€â™‚ï¸,Activity and Sports,0,
ğŸš´ğŸ½â€â™‚ï¸,Activity and Sports,0,
ğŸš´ğŸ¾â€â™‚ï¸,Activity and Sports,0,
ğŸš´ğŸ¿â€â™‚ï¸,Activity and Sports,0,
ğŸ†,Activity and Sports,0,
ğŸ¥‡,Activity and Sports,0,
ğŸ¥ˆ,Activity and Sports,0,
ğŸ¥‰,Activity and Sports,0,
ğŸ…,Activity and Sports,0,
ğŸ–,Activity and Sports,0,
ğŸµ,Activity and Sports,0,
ğŸ—,Activity and Sports,0,
ğŸ«,Activity and Sports,0,
ğŸŸ,Activity and Sports,0,
ğŸª,Activity and Sports,0,
ğŸ¤¹â€â™€ï¸,Activity and Sports,0,
ğŸ¤¹ğŸ»â€â™€ï¸,Activity and Sports,0,
ğŸ¤¹ğŸ¼â€â™€ï¸,Activity and Sports,0,
ğŸ¤¹ğŸ½â€â™€ï¸,Activity and Sports,0,
ğŸ¤¹ğŸ¾â€â™€ï¸,Activity and Sports,0,
ğŸ¤¹ğŸ¿â€â™€ï¸,Activity and Sports,0,
ğŸ¤¹â€â™‚ï¸,Activity and Sports,0,
ğŸ¤¹ğŸ»â€â™‚ï¸,Activity and Sports,0,
ğŸ¤¹ğŸ¼â€â™‚ï¸,Activity and Sports,0,
ğŸ¤¹ğŸ½â€â™‚ï¸,Activity and Sports,0,
ğŸ¤¹ğŸ¾â€â™‚ï¸,Activity and Sports,0,
ğŸ¤¹ğŸ¿â€â™‚ï¸,Activity and Sports,0,
ğŸ­,Activity and Sports,0,
ğŸ¨,Activity and Sports,0,
ğŸ¬,Activity and Sports,0,
ğŸ¤,Activity and Sports,0,
ğŸ§,Activity and Sports,0,
ğŸ¼,Activity and Sports,0,
ğŸ¹,Activity and Sports,0,
ğŸ¥,Activity and Sports,0,
ğŸ·,Activity and Sports,0,
ğŸº,Activity and Sports,0,
ğŸ¸,Activity and Sports,0,
ğŸ»,Activity and Sports,0,
ğŸ²,Activity and Sports,0,
ğŸ§©,Activity and Sports,0,
â™Ÿ,Activity and Sports,0,
ğŸ¯,Activity and Sports,0,
ğŸ³,Activity and Sports,0,
ğŸ®,Activity and Sports,0,
ğŸ°,Activity and Sports,0,
ğŸš—,Travel & Places,0,
ğŸš•,Travel & Places,0,
ğŸš™,Travel & Places,0,
ğŸšŒ,Travel & Places,0,
ğŸš,Travel & Places,0,
ğŸ,Travel & Places,0,
ğŸš“,Travel & Places,0,
ğŸš‘,Travel & Places,0,
ğŸš’,Travel & Places,0,
ğŸš,Travel & Places,0,
ğŸšš,Travel & Places,0,
ğŸš›,Travel & Places,0,
ğŸšœ,Travel & Places,0,
ğŸ›´,Travel & Places,0,
ğŸš²,Travel & Places,0,
ğŸ›µ,Travel & Places,0,
ğŸ,Travel & Places,0,
ğŸš¨,Travel & Places,1,ê¸´ê¸‰
ğŸš”,Travel & Places,0,
ğŸš,Travel & Places,0,
ğŸš˜,Travel & Places,0,
ğŸš–,Travel & Places,0,
ğŸš¡,Travel & Places,0,
ğŸš ,Travel & Places,0,
ğŸšŸ,Travel & Places,0,
ğŸšƒ,Travel & Places,0,
ğŸš‹,Travel & Places,0,
ğŸš,Travel & Places,0,
ğŸš,Travel & Places,0,
ğŸš„,Travel & Places,0,
ğŸš…,Travel & Places,0,
ğŸšˆ,Travel & Places,0,
ğŸš‚,Travel & Places,0,
ğŸš†,Travel & Places,0,
ğŸš‡,Travel & Places,0,
ğŸšŠ,Travel & Places,0,
ğŸš‰,Travel & Places,0,
âœˆï¸,Travel & Places,1,ì—¬í–‰
ğŸ›«,Travel & Places,0,
ğŸ›¬,Travel & Places,0,
ğŸ›©,Travel & Places,0,
ğŸ’º,Travel & Places,0,
ğŸ›°,Travel & Places,0,
ğŸš€,Travel & Places,0,
ğŸ›¸,Travel & Places,0,
ğŸš,Travel & Places,0,
ğŸ›¶,Travel & Places,0,
â›µï¸,Travel & Places,0,
ğŸš¤,Travel & Places,0,
ğŸ›¥,Travel & Places,0,
ğŸ›³,Travel & Places,0,
â›´,Travel & Places,0,
ğŸš¢,Travel & Places,0,
âš“ï¸,Travel & Places,0,
â›½ï¸,Travel & Places,0,
ğŸš§,Travel & Places,0,
ğŸš¦,Travel & Places,0,
ğŸš¥,Travel & Places,0,
ğŸš,Travel & Places,0,
ğŸ—º,Travel & Places,0,
ğŸ—¿,Travel & Places,0,
ğŸ—½,Travel & Places,0,
ğŸ—¼,Travel & Places,0,
ğŸ°,Travel & Places,0,
ğŸ¯,Travel & Places,0,
ğŸŸ,Travel & Places,0,
ğŸ¡,Travel & Places,0,
ğŸ¢,Travel & Places,0,
ğŸ ,Travel & Places,0,
â›²ï¸,Travel & Places,0,
â›±,Travel & Places,0,
ğŸ–,Travel & Places,0,
ğŸ,Travel & Places,0,
ğŸœ,Travel & Places,0,
ğŸŒ‹,Travel & Places,0,
â›°,Travel & Places,0,
ğŸ”,Travel & Places,0,
ğŸ—»,Travel & Places,0,
ğŸ•,Travel & Places,0,
â›ºï¸,Travel & Places,0,
ğŸ ,Travel & Places,0,
ğŸ¡,Travel & Places,0,
ğŸ˜,Travel & Places,0,
ğŸš,Travel & Places,0,
ğŸ—,Travel & Places,0,
ğŸ­,Travel & Places,0,
ğŸ¢,Travel & Places,1,íšŒì‚¬
ğŸ¬,Travel & Places,0,
ğŸ£,Travel & Places,0,
ğŸ¤,Travel & Places,0,
ğŸ¥,Travel & Places,0,
ğŸ¦,Travel & Places,1,ê°€ê³„ë¶€
ğŸ¨,Travel & Places,0,
ğŸª,Travel & Places,0,
ğŸ«,Travel & Places,1,í•™êµ
ğŸ©,Travel & Places,0,
ğŸ’’,Travel & Places,0,
ğŸ›,Travel & Places,0,
â›ªï¸,Travel & Places,0,
ğŸ•Œ,Travel & Places,0,
ğŸ•,Travel & Places,0,
ğŸ•‹,Travel & Places,0,
â›©,Travel & Places,0,
ğŸ›¤,Travel & Places,0,
ğŸ›£,Travel & Places,0,
ğŸ—¾,Travel & Places,0,
ğŸ‘,Travel & Places,0,
ğŸ,Travel & Places,0,
ğŸŒ…,Travel & Places,0,
ğŸŒ„,Travel & Places,0,
ğŸŒ ,Travel & Places,0,
ğŸ‡,Travel & Places,0,
ğŸ†,Travel & Places,0,
ğŸŒ‡,Travel & Places,0,
ğŸŒ†,Travel & Places,0,
ğŸ™,Travel & Places,0,
ğŸŒƒ,Travel & Places,0,
ğŸŒŒ,Travel & Places,0,
ğŸŒ‰,Travel & Places,0,
ğŸŒ,Travel & Places,0,
âŒšï¸,Objects,0,
ğŸ“±,Objects,0,
ğŸ“²,Objects,0,
ğŸ’»,Objects,0,
âŒ¨ï¸,Objects,0,
ğŸ–¥,Objects,0,
ğŸ–¨,Objects,0,
ğŸ–±,Objects,0,
ğŸ–²,Objects,0,
ğŸ•¹,Objects,0,
ğŸ—œ,Objects,0,
ğŸ’½,Objects,0,
ğŸ’¾,Objects,0,
ğŸ’¿,Objects,0,
ğŸ“€,Objects,0,
ğŸ“¼,Objects,0,
ğŸ“·,Objects,0,
ğŸ“¸,Objects,0,
ğŸ“¹,Objects,0,
ğŸ¥,Objects,0,
ğŸ“½,Objects,0,
ğŸ,Objects,0,
ğŸ“,Objects,0,
â˜ï¸,Objects,0,
ğŸ“Ÿ,Objects,0,
ğŸ“ ,Objects,0,
ğŸ“º,Objects,0,
ğŸ“»,Objects,0,
ğŸ™,Objects,0,
ğŸš,Objects,0,
ğŸ›,Objects,0,
â±,Objects,0,
â²,Objects,0,
â°,Objects,1,ì˜ˆì •
ğŸ•°,Objects,0,
âŒ›ï¸,Objects,0,
â³,Objects,1,ê¸°í•œ
ğŸ“¡,Objects,0,
ğŸ”‹,Objects,0,
ğŸ”Œ,Objects,0,
ğŸ’¡,Objects,1,ì•„ì´ë””ì–´
ğŸ”¦,Objects,0,
ğŸ•¯,Objects,0,
ğŸ—‘,Objects,0,
ğŸ›¢,Objects,0,
ğŸ’¸,Objects,0,
ğŸ’µ,Objects,0,
ğŸ’´,Objects,0,
ğŸ’¶,Objects,0,
ğŸ’·,Objects,0,
ğŸ’°,Objects,0,
ğŸ’³,Objects,0,
ğŸ§¾,Objects,0,
ğŸ’,Objects,0,
âš–ï¸,Objects,0,
ğŸ”§,Objects,0,
ğŸ”¨,Objects,0,
âš’,Objects,0,
ğŸ› ,Objects,0,
â›,Objects,0,
ğŸ”©,Objects,0,
âš™ï¸,Objects,0,
â›“,Objects,0,
ğŸ”«,Objects,0,
ğŸ’£,Objects,0,
ğŸ”ª,Objects,0,
ğŸ—¡,Objects,0,
âš”ï¸,Objects,0,
ğŸ›¡,Objects,0,
ğŸš¬,Objects,0,
âš°ï¸,Objects,0,
âš±ï¸,Objects,0,
ğŸº,Objects,0,
ğŸ§­,Objects,0,
ğŸ§±,Objects,0,
ğŸ”®,Objects,0,
ğŸ§¿,Objects,0,
ğŸ§¸,Objects,0,
ğŸ“¿,Objects,0,
ğŸ’ˆ,Objects,0,
âš—ï¸,Objects,0,
ğŸ”­,Objects,0,
ğŸ§°,Objects,0,
ğŸ§²,Objects,0,
ğŸ§ª,Objects,0,
ğŸ§«,Objects,0,
ğŸ§¬,Objects,0,
ğŸ§¯,Objects,0,
ğŸ”¬,Objects,0,
ğŸ•³,Objects,0,
ğŸ’Š,Objects,0,
ğŸ’‰,Objects,0,
ğŸŒ¡,Objects,0,
ğŸš½,Objects,0,
ğŸš°,Objects,0,
ğŸš¿,Objects,0,
ğŸ›,Objects,0,
ğŸ›€,Objects,0,
ğŸ›€ğŸ»,Objects,0,
ğŸ›€ğŸ¼,Objects,0,
ğŸ›€ğŸ½,Objects,0,
ğŸ›€ğŸ¾,Objects,0,
ğŸ›€ğŸ¿,Objects,0,
ğŸ§´,Objects,0,
ğŸ§µ,Objects,0,
ğŸ§¶,Objects,0,
ğŸ§·,Objects,0,
ğŸ§¹,Objects,0,
ğŸ§º,Objects,0,
ğŸ§»,Objects,0,
ğŸ§¼,Objects,0,
ğŸ§½,Objects,0,
ğŸ›,Objects,0,
ğŸ”‘,Objects,0,
ğŸ—,Objects,0,
ğŸšª,Objects,0,
ğŸ›‹,Objects,0,
ğŸ›,Objects,0,
ğŸ›Œ,Objects,0,
ğŸ–¼,Objects,0,
ğŸ›,Objects,1,ìœ„ì‹œë¦¬ìŠ¤íŠ¸
ğŸ§³,Objects,0,
ğŸ›’,Objects,1,ì‡¼í•‘ë¦¬ìŠ¤íŠ¸
ğŸ,Objects,0,
ğŸˆ,Objects,0,
ğŸ,Objects,0,
ğŸ€,Objects,0,
ğŸŠ,Objects,0,
ğŸ‰,Objects,0,
ğŸ§¨,Objects,0,
ğŸ,Objects,0,
ğŸ®,Objects,0,
ğŸ,Objects,0,
ğŸ§§,Objects,0,
âœ‰ï¸,Objects,0,
ğŸ“©,Objects,0,
ğŸ“¨,Objects,0,
ğŸ“§,Objects,0,
ğŸ’Œ,Objects,0,
ğŸ“¥,Objects,0,
ğŸ“¤,Objects,0,
ğŸ“¦,Objects,0,
ğŸ·,Objects,0,
ğŸ“ª,Objects,0,
ğŸ“«,Objects,0,
ğŸ“¬,Objects,0,
ğŸ“­,Objects,0,
ğŸ“®,Objects,0,
ğŸ“¯,Objects,0,
ğŸ“œ,Objects,0,
ğŸ“ƒ,Objects,0,
ğŸ“„,Objects,0,
ğŸ“‘,Objects,0,
ğŸ“Š,Objects,0,
ğŸ“ˆ,Objects,0,
ğŸ“‰,Objects,0,
ğŸ—’,Objects,0,
ğŸ—“,Objects,1,ì¼ì •
ğŸ“†,Objects,0,
ğŸ“…,Objects,0,
ğŸ“‡,Objects,0,
ğŸ—ƒ,Objects,0,
ğŸ—³,Objects,0,
ğŸ—„,Objects,0,
ğŸ“‹,Objects,1,í´ë¦½ë³´ë“œ
ğŸ“,Objects,0,
ğŸ“‚,Objects,0,
ğŸ—‚,Objects,0,
ğŸ—,Objects,0,
ğŸ“°,Objects,0,
ğŸ““,Objects,0,
ğŸ“”,Objects,0,
ğŸ“’,Objects,0,
ğŸ“•,Objects,0,
ğŸ“—,Objects,0,
ğŸ“˜,Objects,0,
ğŸ“™,Objects,0,
ğŸ“š,Objects,0,
ğŸ“–,Objects,0,
ğŸ”–,Objects,0,
ğŸ”—,Objects,1,URL
ğŸ“,Objects,0,
ğŸ–‡,Objects,0,
ğŸ“,Objects,0,
ğŸ“,Objects,0,
ğŸ“Œ,Objects,0,
ğŸ“,Objects,1,ì¥ì†Œ
âœ‚ï¸,Objects,0,
ğŸ–Š,Objects,0,
ğŸ–‹,Objects,0,
âœ’ï¸,Objects,0,
ğŸ–Œ,Objects,0,
ğŸ–,Objects,0,
ğŸ“,Objects,0,
âœï¸,Objects,1,ê¸€ì“°ê¸°
ğŸ”,Objects,0,
ğŸ”,Objects,0,
ğŸ”,Objects,0,
ğŸ”,Objects,0,
ğŸ”’,Objects,0,
ğŸ”“,Objects,0,
â¤ï¸,Symbols,0,
ğŸ§¡,Symbols,0,
ğŸ’›,Symbols,0,
ğŸ’š,Symbols,0,
ğŸ’™,Symbols,0,
ğŸ’œ,Symbols,0,
ğŸ–¤,Symbols,0,
ğŸ’”,Symbols,0,
â£ï¸,Symbols,0,
ğŸ’•,Symbols,0,
ğŸ’,Symbols,0,
ğŸ’“,Symbols,0,
ğŸ’—,Symbols,0,
ğŸ’–,Symbols,0,
ğŸ’˜,Symbols,0,
ğŸ’,Symbols,0,
ğŸ’Ÿ,Symbols,0,
â˜®ï¸,Symbols,0,
âœï¸,Symbols,0,
â˜ªï¸,Symbols,0,
ğŸ•‰,Symbols,0,
â˜¸ï¸,Symbols,0,
âœ¡ï¸,Symbols,0,
ğŸ”¯,Symbols,0,
ğŸ•,Symbols,0,
â˜¯ï¸,Symbols,0,
â˜¦ï¸,Symbols,0,
ğŸ›,Symbols,0,
â›,Symbols,0,
â™ˆï¸,Symbols,0,
â™‰ï¸,Symbols,0,
â™Šï¸,Symbols,0,
â™‹ï¸,Symbols,0,
â™Œï¸,Symbols,0,
â™ï¸,Symbols,0,
â™ï¸,Symbols,0,
â™ï¸,Symbols,0,
â™ï¸,Symbols,0,
â™‘ï¸,Symbols,0,
â™’ï¸,Symbols,0,
â™“ï¸,Symbols,0,
ğŸ†”,Symbols,1,ê³„ì •
âš›ï¸,Symbols,0,
ğŸ‰‘,Symbols,0,
â˜¢ï¸,Symbols,0,
â˜£ï¸,Symbols,0,
ğŸ“´,Symbols,0,
ğŸ“³,Symbols,0,
ğŸˆ¶,Symbols,0,
ğŸˆšï¸,Symbols,0,
ğŸˆ¸,Symbols,0,
ğŸˆº,Symbols,0,
ğŸˆ·ï¸,Symbols,0,
âœ´ï¸,Symbols,0,
ğŸ†š,Symbols,0,
ğŸ’®,Symbols,0,
ğŸ‰,Symbols,0,
ãŠ™ï¸,Symbols,0,
ãŠ—ï¸,Symbols,0,
ğŸˆ´,Symbols,0,
ğŸˆµ,Symbols,0,
ğŸˆ¹,Symbols,0,
ğŸˆ²,Symbols,0,
ğŸ…°ï¸,Symbols,0,
ğŸ…±ï¸,Symbols,0,
ğŸ†,Symbols,0,
ğŸ†‘,Symbols,0,
ğŸ…¾ï¸,Symbols,0,
ğŸ†˜,Symbols,0,
âŒ,Symbols,0,
â­•ï¸,Symbols,0,
ğŸ›‘,Symbols,0,
â›”ï¸,Symbols,0,
ğŸ“›,Symbols,0,
ğŸš«,Symbols,0,
ğŸ’¯,Symbols,0,ì‹œí—˜
ğŸ’¢,Symbols,0,
â™¨ï¸,Symbols,0,
ğŸš·,Symbols,0,
ğŸš¯,Symbols,0,
ğŸš³,Symbols,0,
ğŸš±,Symbols,0,
ğŸ”,Symbols,0,
ğŸ“µ,Symbols,0,
ğŸš­,Symbols,0,
â—ï¸,Symbols,0,
â•,Symbols,0,
â“,Symbols,0,
â”,Symbols,0,
â€¼ï¸,Symbols,0,
â‰ï¸,Symbols,0,
ğŸ”…,Symbols,0,
ğŸ”†,Symbols,0,
ã€½ï¸,Symbols,0,
âš ï¸,Symbols,0,
ğŸš¸,Symbols,0,
ğŸ”±,Symbols,0,
âšœï¸,Symbols,0,
ğŸ”°,Symbols,0,
â™»ï¸,Symbols,0,
âœ…,Symbols,1,í• ì¼
ğŸˆ¯ï¸,Symbols,0,
ğŸ’¹,Symbols,0,
â‡ï¸,Symbols,0,
âœ³ï¸,Symbols,0,
â,Symbols,0,
ğŸŒ,Symbols,0,
ğŸ’ ,Symbols,0,
â“‚ï¸,Symbols,0,
ğŸŒ€,Symbols,0,
ğŸ’¤,Symbols,0,
ğŸ§,Symbols,0,
ğŸš¾,Symbols,0,
â™¿ï¸,Symbols,0,
ğŸ…¿ï¸,Symbols,0,
ğŸˆ³,Symbols,0,
ğŸˆ‚ï¸,Symbols,0,
ğŸ›‚,Symbols,0,
ğŸ›ƒ,Symbols,0,
ğŸ›„,Symbols,0,
ğŸ›…,Symbols,0,
ğŸš¹,Symbols,0,
ğŸšº,Symbols,0,
ğŸš¼,Symbols,0,
ğŸš»,Symbols,0,
ğŸš®,Symbols,0,
ğŸ¦,Symbols,0,
ğŸ“¶,Symbols,0,
ğŸˆ,Symbols,0,
ğŸ”£,Symbols,0,
â„¹ï¸,Symbols,0,
ğŸ”¤,Symbols,0,
ğŸ”¡,Symbols,0,
ğŸ” ,Symbols,0,
ğŸ†–,Symbols,0,
ğŸ†—,Symbols,0,
ğŸ†™,Symbols,0,
ğŸ†’,Symbols,0,
ğŸ†•,Symbols,0,
ğŸ†“,Symbols,0,
0ï¸âƒ£,Symbols,0,
1ï¸âƒ£,Symbols,0,
2ï¸âƒ£,Symbols,0,
3ï¸âƒ£,Symbols,0,
4ï¸âƒ£,Symbols,0,
5ï¸âƒ£,Symbols,0,
6ï¸âƒ£,Symbols,0,
7ï¸âƒ£,Symbols,0,
8ï¸âƒ£,Symbols,0,
9ï¸âƒ£,Symbols,0,
ğŸ”Ÿ,Symbols,0,
ğŸ”¢,Symbols,0,
#ï¸âƒ£,Symbols,0,
*ï¸âƒ£,Symbols,0,
âï¸,Symbols,0,
â–¶ï¸,Symbols,0,
â¸,Symbols,0,
â¯,Symbols,0,
â¹,Symbols,0,
âº,Symbols,0,
â­,Symbols,0,
â®,Symbols,0,
â©,Symbols,0,
âª,Symbols,0,
â«,Symbols,0,
â¬,Symbols,0,
â—€ï¸,Symbols,0,
ğŸ”¼,Symbols,0,
ğŸ”½,Symbols,0,
â¡ï¸,Symbols,0,
â¬…ï¸,Symbols,0,
â¬†ï¸,Symbols,0,
â¬‡ï¸,Symbols,0,
â†—ï¸,Symbols,0,
â†˜ï¸,Symbols,0,
â†™ï¸,Symbols,0,
â†–ï¸,Symbols,0,
â†•ï¸,Symbols,0,
â†”ï¸,Symbols,0,
â†ªï¸,Symbols,0,
â†©ï¸,Symbols,0,
â¤´ï¸,Symbols,0,
â¤µï¸,Symbols,0,
ğŸ”€,Symbols,0,
ğŸ”,Symbols,0,
ğŸ”‚,Symbols,0,
ğŸ”„,Symbols,0,
ğŸ”ƒ,Symbols,0,
ğŸµ,Symbols,0,
ğŸ¶,Symbols,0,
â•,Symbols,0,
â–,Symbols,0,
â—,Symbols,0,
âœ–ï¸,Symbols,0,
â™¾,Symbols,0,
ğŸ’²,Symbols,0,
ğŸ’±,Symbols,0,
â„¢ï¸,Symbols,0,
Â©ï¸,Symbols,0,
Â®ï¸,Symbols,0,
ã€°ï¸,Symbols,0,
â°,Symbols,0,
â¿,Symbols,0,
ğŸ”š,Symbols,0,
ğŸ”™,Symbols,0,
ğŸ”›,Symbols,0,
ğŸ”,Symbols,0,
ğŸ”œ,Symbols,0,
âœ”ï¸,Symbols,0,
â˜‘ï¸,Symbols,0,
ğŸ”˜,Symbols,0,
âšªï¸,Symbols,0,
âš«ï¸,Symbols,0,
ğŸ”´,Symbols,0,
ğŸ”µ,Symbols,0,
ğŸ”º,Symbols,0,
ğŸ”»,Symbols,0,
ğŸ”¸,Symbols,0,
ğŸ”¹,Symbols,0,
ğŸ”¶,Symbols,0,
ğŸ”·,Symbols,0,
ğŸ”³,Symbols,0,
ğŸ”²,Symbols,0,
â–ªï¸,Symbols,0,
â–«ï¸,Symbols,0,
â—¾ï¸,Symbols,0,
â—½ï¸,Symbols,0,
â—¼ï¸,Symbols,0,
â—»ï¸,Symbols,0,
â¬›ï¸,Symbols,0,
â¬œï¸,Symbols,0,
ğŸ”ˆ,Symbols,0,
ğŸ”‡,Symbols,0,
ğŸ”‰,Symbols,0,
ğŸ”Š,Symbols,0,
ğŸ””,Symbols,1,ì•Œë¦¼
ğŸ”•,Symbols,0,
ğŸ“£,Symbols,0,
ğŸ“¢,Symbols,0,
ğŸ‘â€ğŸ—¨,Symbols,0,
ğŸ’¬,Symbols,0,
ğŸ’­,Symbols,0,
ğŸ—¯,Symbols,0,
â™ ï¸,Symbols,0,
â™£ï¸,Symbols,0,
â™¥ï¸,Symbols,0,
â™¦ï¸,Symbols,0,
ğŸƒ,Symbols,0,
ğŸ´,Symbols,0,
ğŸ€„ï¸,Symbols,0,
ğŸ•,Symbols,0,
ğŸ•‘,Symbols,0,
ğŸ•’,Symbols,0,
ğŸ•“,Symbols,0,
ğŸ•”,Symbols,0,
ğŸ••,Symbols,0,
ğŸ•–,Symbols,0,
ğŸ•—,Symbols,0,
ğŸ•˜,Symbols,0,
ğŸ•™,Symbols,0,
ğŸ•š,Symbols,0,
ğŸ•›,Symbols,0,
ğŸ•œ,Symbols,0,
ğŸ•,Symbols,0,
ğŸ•,Symbols,0,
ğŸ•Ÿ,Symbols,0,
ğŸ• ,Symbols,0,
ğŸ•¡,Symbols,0,
ğŸ•¢,Symbols,0,
ğŸ•£,Symbols,0,
ğŸ•¤,Symbols,0,
ğŸ•¥,Symbols,0,
ğŸ•¦,Symbols,0,
ğŸ•§,Symbols,0,
ğŸ³ï¸,Flags,0,
ğŸ´,Flags,0,
ğŸ,Flags,0,
ğŸš©,Flags,0,
ğŸ³ï¸â€ğŸŒˆ,Flags,0,
ğŸ´â€â˜ ï¸,Flags,0,
ğŸ‡¦ğŸ‡«,Flags,0,
ğŸ‡¦ğŸ‡½,Flags,0,
ğŸ‡¦ğŸ‡±,Flags,0,
ğŸ‡©ğŸ‡¿,Flags,0,
ğŸ‡¦ğŸ‡¸,Flags,0,
ğŸ‡¦ğŸ‡©,Flags,0,
ğŸ‡¦ğŸ‡´,Flags,0,
ğŸ‡¦ğŸ‡®,Flags,0,
ğŸ‡¦ğŸ‡¶,Flags,0,
ğŸ‡¦ğŸ‡¬,Flags,0,
ğŸ‡¦ğŸ‡·,Flags,0,
ğŸ‡¦ğŸ‡²,Flags,0,
ğŸ‡¦ğŸ‡¼,Flags,0,
ğŸ‡¦ğŸ‡º,Flags,0,
ğŸ‡¦ğŸ‡¹,Flags,0,
ğŸ‡¦ğŸ‡¿,Flags,0,
ğŸ‡§ğŸ‡¸,Flags,0,
ğŸ‡§ğŸ‡­,Flags,0,
ğŸ‡§ğŸ‡©,Flags,0,
ğŸ‡§ğŸ‡§,Flags,0,
ğŸ‡§ğŸ‡¾,Flags,0,
ğŸ‡§ğŸ‡ª,Flags,0,
ğŸ‡§ğŸ‡¿,Flags,0,
ğŸ‡§ğŸ‡¯,Flags,0,
ğŸ‡§ğŸ‡²,Flags,0,
ğŸ‡§ğŸ‡¹,Flags,0,
ğŸ‡§ğŸ‡´,Flags,0,
ğŸ‡§ğŸ‡¦,Flags,0,
ğŸ‡§ğŸ‡¼,Flags,0,
ğŸ‡§ğŸ‡·,Flags,0,
ğŸ‡®ğŸ‡´,Flags,0,
ğŸ‡»ğŸ‡¬,Flags,0,
ğŸ‡§ğŸ‡³,Flags,0,
ğŸ‡§ğŸ‡¬,Flags,0,
ğŸ‡§ğŸ‡«,Flags,0,
ğŸ‡§ğŸ‡®,Flags,0,
ğŸ‡°ğŸ‡­,Flags,0,
ğŸ‡¨ğŸ‡²,Flags,0,
ğŸ‡¨ğŸ‡¦,Flags,0,
ğŸ‡®ğŸ‡¨,Flags,0,
ğŸ‡¨ğŸ‡»,Flags,0,
ğŸ‡§ğŸ‡¶,Flags,0,
ğŸ‡°ğŸ‡¾,Flags,0,
ğŸ‡¨ğŸ‡«,Flags,0,
ğŸ‡¹ğŸ‡©,Flags,0,
ğŸ‡¨ğŸ‡±,Flags,0,
ğŸ‡¨ğŸ‡³,Flags,0,
ğŸ‡¨ğŸ‡½,Flags,0,
ğŸ‡¨ğŸ‡¨,Flags,0,
ğŸ‡¨ğŸ‡´,Flags,0,
ğŸ‡°ğŸ‡²,Flags,0,
ğŸ‡¨ğŸ‡¬,Flags,0,
ğŸ‡¨ğŸ‡©,Flags,0,
ğŸ‡¨ğŸ‡°,Flags,0,
ğŸ‡¨ğŸ‡·,Flags,0,
ğŸ‡¨ğŸ‡®,Flags,0,
ğŸ‡­ğŸ‡·,Flags,0,
ğŸ‡¨ğŸ‡º,Flags,0,
ğŸ‡¨ğŸ‡¼,Flags,0,
ğŸ‡¨ğŸ‡¾,Flags,0,
ğŸ‡¨ğŸ‡¿,Flags,0,
ğŸ‡©ğŸ‡°,Flags,0,
ğŸ‡©ğŸ‡¯,Flags,0,
ğŸ‡©ğŸ‡²,Flags,0,
ğŸ‡©ğŸ‡´,Flags,0,
ğŸ‡ªğŸ‡¨,Flags,0,
ğŸ‡ªğŸ‡¬,Flags,0,
ğŸ‡¸ğŸ‡»,Flags,0,
ğŸ‡¬ğŸ‡¶,Flags,0,
ğŸ‡ªğŸ‡·,Flags,0,
ğŸ‡ªğŸ‡ª,Flags,0,
ğŸ‡ªğŸ‡¹,Flags,0,
ğŸ‡ªğŸ‡º,Flags,0,
ğŸ‡«ğŸ‡°,Flags,0,
ğŸ‡«ğŸ‡´,Flags,0,
ğŸ‡«ğŸ‡¯,Flags,0,
ğŸ‡«ğŸ‡®,Flags,0,
ğŸ‡«ğŸ‡·,Flags,0,
ğŸ‡¬ğŸ‡«,Flags,0,
ğŸ‡µğŸ‡«,Flags,0,
ğŸ‡¹ğŸ‡«,Flags,0,
ğŸ‡¬ğŸ‡¦,Flags,0,
ğŸ‡¬ğŸ‡²,Flags,0,
ğŸ‡¬ğŸ‡ª,Flags,0,
ğŸ‡©ğŸ‡ª,Flags,0,
ğŸ‡¬ğŸ‡­,Flags,0,
ğŸ‡¬ğŸ‡®,Flags,0,
ğŸ‡¬ğŸ‡·,Flags,0,
ğŸ‡¬ğŸ‡±,Flags,0,
ğŸ‡¬ğŸ‡©,Flags,0,
ğŸ‡¬ğŸ‡µ,Flags,0,
ğŸ‡¬ğŸ‡º,Flags,0,
ğŸ‡¬ğŸ‡¹,Flags,0,
ğŸ‡¬ğŸ‡¬,Flags,0,
ğŸ‡¬ğŸ‡³,Flags,0,
ğŸ‡¬ğŸ‡¼,Flags,0,
ğŸ‡¬ğŸ‡¾,Flags,0,
ğŸ‡­ğŸ‡¹,Flags,0,
ğŸ‡­ğŸ‡³,Flags,0,
ğŸ‡­ğŸ‡°,Flags,0,
ğŸ‡­ğŸ‡º,Flags,0,
ğŸ‡®ğŸ‡¸,Flags,0,
ğŸ‡®ğŸ‡³,Flags,0,
ğŸ‡®ğŸ‡©,Flags,0,
ğŸ‡®ğŸ‡·,Flags,0,
ğŸ‡®ğŸ‡¶,Flags,0,
ğŸ‡®ğŸ‡ª,Flags,0,
ğŸ‡®ğŸ‡²,Flags,0,
ğŸ‡®ğŸ‡±,Flags,0,
ğŸ‡®ğŸ‡¹,Flags,0,
ğŸ‡¯ğŸ‡²,Flags,0,
ğŸ‡¯ğŸ‡µ,Flags,0,
ğŸŒ,Flags,0,
ğŸ‡¯ğŸ‡ª,Flags,0,
ğŸ‡¯ğŸ‡´,Flags,0,
ğŸ‡°ğŸ‡¿,Flags,0,
ğŸ‡°ğŸ‡ª,Flags,0,
ğŸ‡°ğŸ‡®,Flags,0,
ğŸ‡½ğŸ‡°,Flags,0,
ğŸ‡°ğŸ‡¼,Flags,0,
ğŸ‡°ğŸ‡¬,Flags,0,
ğŸ‡±ğŸ‡¦,Flags,0,
ğŸ‡±ğŸ‡»,Flags,0,
ğŸ‡±ğŸ‡§,Flags,0,
ğŸ‡±ğŸ‡¸,Flags,0,
ğŸ‡±ğŸ‡·,Flags,0,
ğŸ‡±ğŸ‡¾,Flags,0,
ğŸ‡±ğŸ‡®,Flags,0,
ğŸ‡±ğŸ‡¹,Flags,0,
ğŸ‡±ğŸ‡º,Flags,0,
ğŸ‡²ğŸ‡´,Flags,0,
ğŸ‡²ğŸ‡°,Flags,0,
ğŸ‡²ğŸ‡¬,Flags,0,
ğŸ‡²ğŸ‡¼,Flags,0,
ğŸ‡²ğŸ‡¾,Flags,0,
ğŸ‡²ğŸ‡»,Flags,0,
ğŸ‡²ğŸ‡±,Flags,0,
ğŸ‡²ğŸ‡¹,Flags,0,
ğŸ‡²ğŸ‡­,Flags,0,
ğŸ‡²ğŸ‡¶,Flags,0,
ğŸ‡²ğŸ‡·,Flags,0,
ğŸ‡²ğŸ‡º,Flags,0,
ğŸ‡¾ğŸ‡¹,Flags,0,
ğŸ‡²ğŸ‡½,Flags,0,
ğŸ‡«ğŸ‡²,Flags,0,
ğŸ‡²ğŸ‡©,Flags,0,
ğŸ‡²ğŸ‡¨,Flags,0,
ğŸ‡²ğŸ‡³,Flags,0,
ğŸ‡²ğŸ‡ª,Flags,0,
ğŸ‡²ğŸ‡¸,Flags,0,
ğŸ‡²ğŸ‡¦,Flags,0,
ğŸ‡²ğŸ‡¿,Flags,0,
ğŸ‡²ğŸ‡²,Flags,0,
ğŸ‡³ğŸ‡¦,Flags,0,
ğŸ‡³ğŸ‡·,Flags,0,
ğŸ‡³ğŸ‡µ,Flags,0,
ğŸ‡³ğŸ‡±,Flags,0,
ğŸ‡³ğŸ‡¨,Flags,0,
ğŸ‡³ğŸ‡¿,Flags,0,
ğŸ‡³ğŸ‡®,Flags,0,
ğŸ‡³ğŸ‡ª,Flags,0,
ğŸ‡³ğŸ‡¬,Flags,0,
ğŸ‡³ğŸ‡º,Flags,0,
ğŸ‡³ğŸ‡«,Flags,0,
ğŸ‡°ğŸ‡µ,Flags,0,
ğŸ‡²ğŸ‡µ,Flags,0,
ğŸ‡³ğŸ‡´,Flags,0,
ğŸ‡´ğŸ‡²,Flags,0,
ğŸ‡µğŸ‡°,Flags,0,
ğŸ‡µğŸ‡¼,Flags,0,
ğŸ‡µğŸ‡¸,Flags,0,
ğŸ‡µğŸ‡¦,Flags,0,
ğŸ‡µğŸ‡¬,Flags,0,
ğŸ‡µğŸ‡¾,Flags,0,
ğŸ‡µğŸ‡ª,Flags,0,
ğŸ‡µğŸ‡­,Flags,0,
ğŸ‡µğŸ‡³,Flags,0,
ğŸ‡µğŸ‡±,Flags,0,
ğŸ‡µğŸ‡¹,Flags,0,
ğŸ‡µğŸ‡·,Flags,0,
ğŸ‡¶ğŸ‡¦,Flags,0,
ğŸ‡·ğŸ‡ª,Flags,0,
ğŸ‡·ğŸ‡´,Flags,0,
ğŸ‡·ğŸ‡º,Flags,0,
ğŸ‡·ğŸ‡¼,Flags,0,
ğŸ‡¼ğŸ‡¸,Flags,0,
ğŸ‡¸ğŸ‡²,Flags,0,
ğŸ‡¸ğŸ‡¦,Flags,0,
ğŸ‡¸ğŸ‡³,Flags,0,
ğŸ‡·ğŸ‡¸,Flags,0,
ğŸ‡¸ğŸ‡¨,Flags,0,
ğŸ‡¸ğŸ‡±,Flags,0,
ğŸ‡¸ğŸ‡¬,Flags,0,
ğŸ‡¸ğŸ‡½,Flags,0,
ğŸ‡¸ğŸ‡°,Flags,0,
ğŸ‡¸ğŸ‡®,Flags,0,
ğŸ‡¬ğŸ‡¸,Flags,0,
ğŸ‡¸ğŸ‡§,Flags,0,
ğŸ‡¸ğŸ‡´,Flags,0,
ğŸ‡¿ğŸ‡¦,Flags,0,
ğŸ‡°ğŸ‡·,Flags,0,
ğŸ‡¸ğŸ‡¸,Flags,0,
ğŸ‡ªğŸ‡¸,Flags,0,
ğŸ‡±ğŸ‡°,Flags,0,
ğŸ‡§ğŸ‡±,Flags,0,
ğŸ‡¸ğŸ‡­,Flags,0,
ğŸ‡°ğŸ‡³,Flags,0,
ğŸ‡±ğŸ‡¨,Flags,0,
ğŸ‡µğŸ‡²,Flags,0,
ğŸ‡»ğŸ‡¨,Flags,0,
ğŸ‡¸ğŸ‡©,Flags,0,
ğŸ‡¸ğŸ‡·,Flags,0,
ğŸ‡¸ğŸ‡¿,Flags,0,
ğŸ‡¸ğŸ‡ª,Flags,0,
ğŸ‡¨ğŸ‡­,Flags,0,
ğŸ‡¸ğŸ‡¾,Flags,0,
ğŸ‡¹ğŸ‡¼,Flags,0,
ğŸ‡¹ğŸ‡¯,Flags,0,
ğŸ‡¹ğŸ‡¿,Flags,0,
ğŸ‡¹ğŸ‡­,Flags,0,
ğŸ‡¹ğŸ‡±,Flags,0,
ğŸ‡¹ğŸ‡¬,Flags,0,
ğŸ‡¹ğŸ‡°,Flags,0,
ğŸ‡¹ğŸ‡´,Flags,0,
ğŸ‡¹ğŸ‡¹,Flags,0,
ğŸ‡¹ğŸ‡³,Flags,0,
ğŸ‡¹ğŸ‡·,Flags,0,
ğŸ‡¹ğŸ‡²,Flags,0,
ğŸ‡¹ğŸ‡¨,Flags,0,
ğŸ‡¹ğŸ‡»,Flags,0,
ğŸ‡»ğŸ‡®,Flags,0,
ğŸ‡ºğŸ‡¬,Flags,0,
ğŸ‡ºğŸ‡¦,Flags,0,
ğŸ‡¦ğŸ‡ª,Flags,0,
ğŸ‡¬ğŸ‡§,Flags,0,
ğŸ´,Flags,0,
ğŸ´,Flags,0,
ğŸ´,Flags,0,
ğŸ‡ºğŸ‡³,Flags,0,
ğŸ‡ºğŸ‡¸,Flags,0,
ğŸ‡ºğŸ‡¾,Flags,0,
ğŸ‡ºğŸ‡¿,Flags,0,
ğŸ‡»ğŸ‡º,Flags,0,
ğŸ‡»ğŸ‡¦,Flags,0,
ğŸ‡»ğŸ‡ª,Flags,0,
ğŸ‡»ğŸ‡³,Flags,0,
ğŸ‡¼ğŸ‡«,Flags,0,
ğŸ‡ªğŸ‡­,Flags,0,
ğŸ‡¾ğŸ‡ª,Flags,0,
ğŸ‡¿ğŸ‡²,Flags,0,
ğŸ‡¿ğŸ‡¼,Flags,0,
ğŸ¥°,New Emojis,0,
ğŸ¥µ,New Emojis,0,
ğŸ¥¶,New Emojis,0,
ğŸ¥³,New Emojis,0,
ğŸ¥´,New Emojis,0,
ğŸ¥º,New Emojis,0,
ğŸ‘¨â€ğŸ¦°,New Emojis,0,
ğŸ‘©â€ğŸ¦°,New Emojis,0,
ğŸ‘¨â€ğŸ¦±,New Emojis,0,
ğŸ‘©â€ğŸ¦±,New Emojis,0,
ğŸ‘¨â€ğŸ¦²,New Emojis,0,
ğŸ‘©â€ğŸ¦²,New Emojis,0,
ğŸ‘¨â€ğŸ¦³,New Emojis,0,
ğŸ‘©â€ğŸ¦³,New Emojis,0,
ğŸ¦¸,New Emojis,0,
ğŸ¦¸â€â™€ï¸,New Emojis,0,
ğŸ¦¸â€â™‚ï¸,New Emojis,0,
ğŸ¦¹,New Emojis,0,
ğŸ¦¹â€â™€ï¸,New Emojis,0,
ğŸ¦¹â€â™‚ï¸,New Emojis,0,
ğŸ¦µ,New Emojis,0,
ğŸ¦¶,New Emojis,0,
ğŸ¦´,New Emojis,0,
ğŸ¦·,New Emojis,0,
ğŸ¥½,New Emojis,0,
ğŸ¥¼,New Emojis,0,
ğŸ¥¾,New Emojis,0,
ğŸ¥¿,New Emojis,0,
ğŸ¦,New Emojis,0,
ğŸ¦™,New Emojis,0,
ğŸ¦›,New Emojis,0,
ğŸ¦˜,New Emojis,0,
ğŸ¦¡,New Emojis,0,
ğŸ¦¢,New Emojis,0,
ğŸ¦š,New Emojis,0,
ğŸ¦œ,New Emojis,0,
ğŸ¦,New Emojis,0,
ğŸ¦Ÿ,New Emojis,0,
ğŸ¦ ,New Emojis,0,
ğŸ¥­,New Emojis,0,
ğŸ¥¬,New Emojis,0,
ğŸ¥¯,New Emojis,0,
ğŸ§‚,New Emojis,0,
ğŸ¥®,New Emojis,0,
ğŸ§,New Emojis,0,
ğŸ§­,New Emojis,0,
ğŸ§±,New Emojis,0,
ğŸ›¹,New Emojis,0,
ğŸ§³,New Emojis,0,
ğŸ§¨,New Emojis,0,
ğŸ§§,New Emojis,0,
ğŸ¥,New Emojis,0,
ğŸ¥,New Emojis,0,
ğŸ¥,New Emojis,0,
ğŸ§¿,New Emojis,0,
ğŸ§©,New Emojis,0,
ğŸ§¸,New Emojis,0,
â™Ÿ,New Emojis,0,
ğŸ§®,New Emojis,0,
ğŸ§¾,New Emojis,0,
ğŸ§°,New Emojis,0,
ğŸ§²,New Emojis,0,
ğŸ§ª,New Emojis,0,
ğŸ§«,New Emojis,0,
ğŸ§¬,New Emojis,0,
ğŸ§¯,New Emojis,0,
ğŸ§´,New Emojis,0,
ğŸ§µ,New Emojis,0,
ğŸ§¶,New Emojis,0,
ğŸ§·,New Emojis,0,
ğŸ§¹,New Emojis,0,
ğŸ§º,New Emojis,0,
ğŸ§»,New Emojis,0,
ğŸ§¼,New Emojis,0,
ğŸ§½,New Emojis,0,
â™¾,New Emojis,0,
ğŸ´â€â˜ ï¸,New Emojis,0,
